cod_persona,cod_estado_civil,cod_nacionalidad,cod_genero,dni,primer_apellido,segundo_apellido,prenombre,direccion
1,3,1,2,77416615,Torres,Lopez,Julio,Avenida Los Cedros 707
2,1,1,1,33447854,Huaman,Chavez,Diego,Pasaje Las Orquídeas 505
3,4,1,2,85553443,Quispe,Quispe,Julio,Jirón Huascarán 789
4,3,1,1,95760271,Garcia,Castillo,Alex,Avenida Los Cedros 707
5,4,1,2,06639303,Chavez,Rojas,Carlos,Calle Los Cactus 1405
6,2,1,1,01500375,Cárdenas,Rodriguez,Christian,Pasaje Las Orquídeas 505
7,2,1,1,61470813,Fernandez,Huaman,Leonardo,Calle Los Nogales 1001
8,3,1,2,73417405,Cárdenas,Mamani,Diego,Jirón Las Acacias 1607
9,1,1,2,41446870,Quispe,Huaman,Ana,Jirón Los Laureles 808
10,4,1,2,76410921,Mamani,Cárdenas,Ana,Calle Las Flores 202
11,1,1,2,65289737,Lopez,Huaman,Valeria,Jirón Las Acacias 1607
12,2,1,2,64722929,Cárdenas,Lopez,Pedro,Pasaje Los Eucaliptos 1304
13,4,1,1,01277474,Huaman,Chavez,Ana,Avenida Los Sauces 303
14,1,1,2,65698143,Quispe,Rojas,Julio,Avenida Los Cedros 707
15,2,1,2,92855829,Castillo,Huaman,Laura,Calle Los Pinos 123
16,3,1,2,19665183,Rojas,Rodriguez,Diego,Pasaje Los Alamos 101
17,2,1,2,44702293,Rojas,Torres,Maria,Pasaje Las Margaritas 909
18,3,1,1,40348461,Quispe,Mamani,Pedro,Avenida Los Sauces 303
19,3,1,2,38231510,Mamani,Garcia,Ana,Jirón Las Acacias 1607
20,4,1,1,23015115,Díaz,Chavez,Sofia,Jirón Los Cipreses 404
21,3,1,1,33581084,Fernandez,Garcia,Alex,Jirón Los Cipreses 404
22,1,1,2,10120264,Díaz,Quispe,Laura,Pasaje Los Jazmines 1708
23,2,1,2,60390723,Lopez,Díaz,Sofia,Jirón Huascarán 789
24,2,1,2,75960755,Lopez,Chavez,Diego,Calle Los Girasoles 606
25,1,1,1,62884232,Huaman,Castillo,Carlos,Jirón Las Acacias 1607
26,3,1,1,61956989,Mamani,Garcia,Laura,Jirón Las Acacias 1607
27,2,1,1,92015776,Díaz,Chavez,Laura,Pasaje Las Margaritas 909
28,1,1,2,98419531,Díaz,Lopez,Jorge,Calle Los Nogales 1001
29,3,1,1,82052744,Mamani,Quispe,Sofia,Jirón Los Laureles 808
30,3,1,2,01840840,Torres,Mamani,Jorge,Jirón Los Cipreses 404
31,4,1,2,15559074,Fernandez,Fernandez,Alex,Jirón Huascarán 789
32,4,1,2,69234381,Garcia,Huaman,Sofia,Jirón Las Acacias 1607
33,4,1,1,22923027,Rodriguez,Chavez,Sofia,Calle Los Nogales 1001
34,4,1,2,77182502,Torres,Torres,Jorge,Jirón Los Laureles 808
35,1,1,1,33325208,Mamani,Fernandez,Jorge,Pasaje Las Orquídeas 505
36,2,1,2,19468839,Garcia,Díaz,Luis,Pasaje Los Jazmines 1708
37,3,1,1,28723793,Fernandez,Díaz,Carlos,Avenida Los Pinos 1102
38,3,1,1,20145744,Fernandez,Fernandez,Alex,Calle Los Pinos 123
39,3,1,2,80733852,Huaman,Torres,Maria,Calle Las Flores 202
40,4,1,2,63368087,Lopez,Castillo,Christian,Calle Los Nogales 1001
41,1,1,1,27539503,Mamani,Fernandez,Alex,Calle Los Nogales 1001
42,1,1,1,38395430,Garcia,Fernandez,Valeria,Avenida Primavera 456
43,4,1,2,33375369,Chavez,Fernandez,Christian,Avenida Los Olivos 1506
44,4,1,1,19212143,Cárdenas,Huaman,Luis,Avenida Primavera 456
45,2,1,1,96923150,Mamani,Torres,Sofia,Jirón Las Palmeras 1203
46,2,1,1,48523607,Torres,Fernandez,Jorge,Jirón Las Palmeras 1203
47,1,1,1,86945996,Huaman,Chavez,Ana,Jirón Los Cipreses 404
48,3,1,1,16558580,Cárdenas,Rodriguez,Leonardo,Pasaje Las Margaritas 909
49,1,1,1,11614934,Díaz,Rojas,Jorge,Jirón Las Palmeras 1203
50,3,1,1,96232071,Fernandez,Huaman,Luis,Calle Los Pinos 123
51,3,1,1,87815987,Fernandez,Torres,Jorge,Avenida Los Olivos 1506
52,1,1,2,48585866,Huaman,Rodriguez,Pedro,Avenida Los Pinos 1102
53,1,1,2,03597087,Chavez,Torres,Valeria,Avenida Los Pinos 1102
54,4,1,1,12400919,Fernandez,Cárdenas,Diego,Calle Los Pinos 123
55,3,1,1,96235304,Cárdenas,Chavez,Luis,Avenida Los Pinos 1102
56,4,1,2,28697459,Rojas,Castillo,Diego,Avenida Los Olivos 1506
57,3,1,1,75147778,Lopez,Rojas,Valeria,Avenida Los Sauces 303
58,4,1,1,13672043,Torres,Rodriguez,Carlos,Jirón Las Acacias 1607
59,1,1,2,97184391,Rodriguez,Díaz,Alex,Jirón Las Acacias 1607
60,2,1,1,48141650,Huaman,Garcia,Ana,Pasaje Los Eucaliptos 1304
61,2,1,1,73942467,Lopez,Torres,Luis,Jirón Las Palmeras 1203
62,2,1,1,72712308,Chavez,Torres,Jorge,Jirón Las Palmeras 1203
63,2,1,2,58717203,Rodriguez,Fernandez,Ana,Jirón Las Palmeras 1203
64,2,1,1,34740482,Chavez,Díaz,Valeria,Jirón Las Palmeras 1203
65,2,1,1,11058725,Torres,Garcia,Valeria,Pasaje Los Jazmines 1708
66,1,1,1,67919364,Díaz,Fernandez,Valeria,Calle Los Girasoles 606
67,2,1,2,94020270,Cárdenas,Rodriguez,Maria,Pasaje Las Orquídeas 505
68,4,1,1,54397078,Quispe,Garcia,Diego,Jirón Huascarán 789
69,4,1,1,64380606,Torres,Mamani,Laura,Jirón Huascarán 789
70,2,1,2,72318756,Rojas,Quispe,Diego,Jirón Los Laureles 808
71,3,1,2,08709424,Torres,Díaz,Carlos,Pasaje Las Margaritas 909
72,2,1,2,27532310,Quispe,Rodriguez,Luis,Pasaje Las Margaritas 909
73,2,1,1,65701333,Díaz,Mamani,Pedro,Avenida Los Olivos 1506
74,4,1,2,39636223,Quispe,Lopez,Julio,Avenida Los Sauces 303
75,2,1,1,20959875,Huaman,Chavez,Valeria,Avenida Los Olivos 1506
76,3,1,2,06144795,Rojas,Cárdenas,Jorge,Avenida Primavera 456
77,4,1,1,56850099,Castillo,Huaman,Diego,Pasaje Las Margaritas 909
78,4,1,1,50292602,Mamani,Mamani,Julio,Jirón Las Palmeras 1203
79,3,1,2,40579829,Chavez,Huaman,Leonardo,Jirón Los Cipreses 404
80,4,1,2,23203376,Huaman,Chavez,Christian,Calle Los Pinos 123
81,3,1,1,84112415,Garcia,Quispe,Carlos,Calle Los Pinos 123
82,2,1,2,49685764,Rodriguez,Lopez,Jorge,Pasaje Las Margaritas 909
83,3,1,1,46223420,Cárdenas,Castillo,Jorge,Avenida Primavera 456
84,3,1,1,67666913,Fernandez,Lopez,Julio,Avenida Los Pinos 1102
85,2,1,1,43355808,Huaman,Rojas,Alex,Jirón Huascarán 789
86,1,1,1,45464572,Chavez,Rojas,Leonardo,Avenida Los Sauces 303
87,1,1,2,80973889,Rojas,Quispe,Julio,Calle Las Flores 202
88,2,1,1,82158357,Cárdenas,Mamani,Ana,Avenida Los Olivos 1506
89,2,1,2,89239032,Lopez,Chavez,Christian,Avenida Los Sauces 303
90,1,1,2,58552838,Lopez,Lopez,Pedro,Calle Los Pinos 123
91,4,1,2,58413943,Fernandez,Garcia,Julio,Avenida Los Sauces 303
92,3,1,1,45720415,Díaz,Torres,Alex,Pasaje Los Alamos 101
93,4,1,2,35700642,Cárdenas,Garcia,Diego,Calle Las Flores 202
94,1,1,2,74820945,Mamani,Fernandez,Luis,Pasaje Los Alamos 101
95,1,1,1,89775869,Garcia,Lopez,Jorge,Calle Los Pinos 123
96,3,1,2,14638737,Mamani,Huaman,Carlos,Jirón Huascarán 789
97,4,1,1,58778470,Fernandez,Cárdenas,Christian,Calle Los Pinos 123
98,4,1,2,93304990,Rodriguez,Fernandez,Julio,Avenida Los Sauces 303
99,1,1,1,38390160,Díaz,Mamani,Leonardo,Jirón Los Cipreses 404
100,3,1,2,76427765,Lopez,Castillo,Maria,Pasaje Los Eucaliptos 1304
101,4,1,1,52442398,Quispe,Rojas,Ana,Avenida Primavera 456
102,2,1,2,36095470,Mamani,Mamani,Jorge,Calle Los Girasoles 606
103,4,1,2,66674087,Rodriguez,Chavez,Jorge,Calle Los Pinos 123
104,3,1,1,78231475,Huaman,Mamani,Ana,Jirón Los Cipreses 404
105,4,1,2,89212035,Díaz,Quispe,Pedro,Avenida Los Cedros 707
106,2,1,1,23050122,Garcia,Rojas,Maria,Jirón Los Laureles 808
107,3,1,2,22702069,Rodriguez,Rojas,Pedro,Avenida Primavera 456
108,2,1,2,32493584,Díaz,Lopez,Luis,Pasaje Las Margaritas 909
109,1,1,1,45226096,Lopez,Garcia,Christian,Jirón Los Laureles 808
110,1,1,1,01539352,Rodriguez,Garcia,Valeria,Jirón Los Cipreses 404
111,3,1,1,91239650,Rodriguez,Fernandez,Julio,Jirón Las Acacias 1607
112,4,1,1,57895615,Mamani,Huaman,Ana,Jirón Las Acacias 1607
113,4,1,1,01126620,Chavez,Huaman,Julio,Pasaje Los Alamos 101
114,1,1,1,67622038,Chavez,Chavez,Ana,Calle Los Pinos 123
115,3,1,2,40928779,Garcia,Rodriguez,Valeria,Pasaje Las Orquídeas 505
116,1,1,2,25796847,Díaz,Chavez,Sofia,Pasaje Los Alamos 101
117,3,1,1,53350233,Garcia,Chavez,Luis,Pasaje Los Alamos 101
118,2,1,1,16301350,Lopez,Díaz,Jorge,Jirón Los Cipreses 404
119,4,1,1,66000531,Huaman,Mamani,Diego,Calle Los Girasoles 606
120,2,1,2,13921504,Huaman,Quispe,Alex,Avenida Los Sauces 303
121,4,1,2,66634491,Fernandez,Garcia,Pedro,Avenida Los Sauces 303
122,2,1,1,77301567,Rojas,Díaz,Christian,Jirón Las Palmeras 1203
123,3,1,1,35675359,Rojas,Garcia,Christian,Pasaje Los Alamos 101
124,2,1,1,38967172,Chavez,Rodriguez,Pedro,Jirón Huascarán 789
125,3,1,2,49171242,Díaz,Lopez,Christian,Pasaje Los Eucaliptos 1304
126,1,1,2,79197269,Cárdenas,Quispe,Pedro,Calle Los Pinos 123
127,3,2,1,15668278,Rojas,Rojas,Jorge,Pasaje Las Orquídeas 505
128,4,1,1,69895054,Castillo,Quispe,Maria,Avenida Los Sauces 303
129,1,1,1,89551394,Rojas,Chavez,Carlos,Calle Los Nogales 1001
130,3,1,2,40393844,Rodriguez,Huaman,Maria,Calle Los Nogales 1001
131,1,1,1,62318559,Garcia,Rodriguez,Carlos,Calle Los Pinos 123
132,2,1,2,68182687,Rojas,Cárdenas,Pedro,Jirón Los Cipreses 404
133,1,1,2,01643268,Rodriguez,Torres,Sofia,Calle Los Cactus 1405
134,3,1,1,06499147,Castillo,Díaz,Maria,Calle Los Pinos 123
135,2,1,1,63947746,Rodriguez,Torres,Leonardo,Pasaje Los Alamos 101
136,3,1,1,55381549,Chavez,Chavez,Ana,Jirón Las Acacias 1607
137,4,1,2,03215939,Quispe,Cárdenas,Julio,Jirón Huascarán 789
138,1,1,1,72486833,Castillo,Castillo,Sofia,Calle Los Pinos 123
139,3,1,2,83611223,Chavez,Cárdenas,Ana,Pasaje Los Jazmines 1708
140,2,1,1,21069413,Huaman,Díaz,Pedro,Calle Los Pinos 123
141,3,1,2,18837375,Fernandez,Huaman,Pedro,Jirón Las Acacias 1607
142,4,1,2,48676806,Díaz,Fernandez,Christian,Pasaje Los Alamos 101
143,1,1,1,88171629,Huaman,Rodriguez,Sofia,Jirón Las Palmeras 1203
144,4,1,2,44262105,Fernandez,Rojas,Ana,Jirón Las Palmeras 1203
145,4,1,1,67433082,Castillo,Quispe,Pedro,Calle Los Pinos 123
146,3,1,1,50184563,Chavez,Mamani,Christian,Avenida Los Olivos 1506
147,3,1,2,42198213,Lopez,Chavez,Jorge,Avenida Los Sauces 303
148,3,1,2,22459896,Rojas,Castillo,Jorge,Pasaje Los Alamos 101
149,1,1,1,80570203,Huaman,Cárdenas,Christian,Avenida Primavera 456
150,4,1,2,91806604,Chavez,Huaman,Luis,Avenida Primavera 456
151,1,1,1,52534789,Garcia,Fernandez,Pedro,Pasaje Las Orquídeas 505
152,3,1,1,46529379,Quispe,Castillo,Carlos,Calle Los Girasoles 606
153,3,1,2,08126849,Quispe,Rodriguez,Julio,Avenida Los Sauces 303
154,3,1,2,23781048,Rodriguez,Rojas,Carlos,Calle Los Girasoles 606
155,2,1,1,44002613,Rojas,Castillo,Jorge,Jirón Los Cipreses 404
156,2,1,1,21050780,Fernandez,Rojas,Julio,Avenida Los Pinos 1102
157,1,1,2,98249591,Chavez,Castillo,Alex,Calle Los Pinos 123
158,2,1,2,46796383,Rodriguez,Cárdenas,Jorge,Avenida Los Cedros 707
159,4,1,1,56849190,Mamani,Lopez,Maria,Pasaje Los Alamos 101
160,4,1,1,53476893,Rodriguez,Cárdenas,Carlos,Pasaje Los Alamos 101
161,1,1,2,25146120,Fernandez,Chavez,Diego,Calle Los Girasoles 606
162,4,1,1,72397082,Díaz,Garcia,Julio,Avenida Primavera 456
163,2,1,1,83426549,Torres,Fernandez,Laura,Avenida Los Sauces 303
164,2,1,1,92000813,Cárdenas,Fernandez,Julio,Calle Los Cactus 1405
165,4,1,1,66395891,Rojas,Fernandez,Sofia,Avenida Los Sauces 303
166,3,1,1,66666552,Chavez,Cárdenas,Diego,Jirón Los Laureles 808
167,4,1,2,52180894,Garcia,Lopez,Julio,Avenida Primavera 456
168,4,1,2,76202674,Rodriguez,Castillo,Laura,Avenida Primavera 456
169,4,1,2,19920666,Chavez,Torres,Leonardo,Avenida Primavera 456
170,2,1,2,07947343,Quispe,Mamani,Ana,Jirón Las Palmeras 1203
171,2,1,2,49692819,Chavez,Huaman,Luis,Jirón Las Palmeras 1203
172,2,1,2,75964442,Huaman,Rodriguez,Julio,Jirón Las Palmeras 1203
173,2,1,1,12643686,Mamani,Chavez,Maria,Pasaje Los Alamos 101
174,1,1,1,65328970,Garcia,Lopez,Luis,Pasaje Las Orquídeas 505
175,2,1,1,33079306,Castillo,Quispe,Valeria,Avenida Los Olivos 1506
176,4,1,2,05852470,Chavez,Torres,Carlos,Pasaje Los Eucaliptos 1304
177,1,1,1,05606742,Mamani,Díaz,Leonardo,Calle Los Pinos 123
178,2,1,2,32788659,Rodriguez,Fernandez,Jorge,Calle Los Nogales 1001
179,3,1,2,31830745,Lopez,Castillo,Pedro,Pasaje Las Orquídeas 505
180,4,1,2,66514661,Lopez,Lopez,Valeria,Avenida Los Olivos 1506
181,4,1,1,29777662,Díaz,Fernandez,Valeria,Pasaje Las Margaritas 909
182,2,1,2,90606696,Lopez,Mamani,Valeria,Pasaje Las Margaritas 909
183,2,1,1,52857419,Lopez,Cárdenas,Christian,Calle Los Nogales 1001
184,2,1,2,38746157,Cárdenas,Díaz,Jorge,Jirón Las Palmeras 1203
185,1,1,1,98311495,Fernandez,Garcia,Luis,Calle Los Girasoles 606
186,4,1,1,25965118,Mamani,Cárdenas,Luis,Avenida Los Olivos 1506
187,4,1,1,96379114,Torres,Cárdenas,Jorge,Jirón Las Palmeras 1203
188,4,1,1,17783845,Garcia,Rodriguez,Luis,Jirón Huascarán 789
189,2,1,1,78151012,Fernandez,Garcia,Jorge,Calle Los Pinos 123
190,4,1,1,11248450,Díaz,Rodriguez,Sofia,Jirón Las Palmeras 1203
191,4,1,1,61527376,Lopez,Torres,Ana,Jirón Huascarán 789
192,3,1,1,97548836,Fernandez,Garcia,Christian,Pasaje Las Margaritas 909
193,2,1,1,29003456,Chavez,Lopez,Jorge,Jirón Los Laureles 808
194,3,1,2,61914930,Quispe,Rojas,Laura,Jirón Huascarán 789
195,1,1,1,86744269,Fernandez,Chavez,Pedro,Avenida Primavera 456
196,3,1,2,93800979,Garcia,Quispe,Laura,Avenida Primavera 456
197,4,1,2,48783807,Rodriguez,Rodriguez,Julio,Pasaje Los Eucaliptos 1304
198,2,1,2,71933208,Rojas,Quispe,Laura,Calle Los Pinos 123
199,4,1,2,68571831,Fernandez,Rojas,Ana,Pasaje Los Alamos 101
200,2,1,2,03946118,Díaz,Lopez,Maria,Pasaje Los Eucaliptos 1304
201,2,1,2,19521249,Mamani,Rodriguez,Luis,Jirón Los Laureles 808
202,4,1,1,44613500,Castillo,Díaz,Luis,Pasaje Los Jazmines 1708
203,4,1,2,28889269,Díaz,Díaz,Pedro,Pasaje Los Eucaliptos 1304
204,1,1,1,23400995,Lopez,Garcia,Carlos,Calle Los Cactus 1405
205,4,1,2,26043656,Rojas,Fernandez,Jorge,Jirón Las Palmeras 1203
206,1,1,2,95656310,Cárdenas,Rojas,Christian,Avenida Los Cedros 707
207,4,1,2,67843834,Castillo,Mamani,Diego,Jirón Los Laureles 808
208,2,1,1,39283554,Cárdenas,Rojas,Ana,Avenida Los Olivos 1506
209,3,1,1,56544110,Rojas,Rodriguez,Carlos,Calle Las Flores 202
210,1,1,1,03868057,Torres,Castillo,Sofia,Pasaje Los Jazmines 1708
211,3,1,2,03298338,Lopez,Fernandez,Carlos,Calle Las Flores 202
212,4,1,1,21028672,Díaz,Mamani,Leonardo,Jirón Las Acacias 1607
213,1,1,2,39935829,Chavez,Castillo,Ana,Jirón Las Acacias 1607
214,4,1,2,86463558,Rodriguez,Cárdenas,Sofia,Pasaje Las Orquídeas 505
215,3,1,1,41386317,Fernandez,Castillo,Laura,Calle Los Girasoles 606
216,1,1,1,84644098,Lopez,Garcia,Pedro,Jirón Las Acacias 1607
217,3,1,1,47450983,Lopez,Castillo,Carlos,Jirón Huascarán 789
218,3,1,1,11041894,Rojas,Castillo,Maria,Avenida Los Cedros 707
219,1,1,2,04460425,Cárdenas,Torres,Leonardo,Pasaje Los Jazmines 1708
220,4,1,2,07628182,Rodriguez,Díaz,Valeria,Pasaje Los Alamos 101
221,4,1,2,28523709,Mamani,Díaz,Luis,Jirón Huascarán 789
222,3,1,1,44550630,Lopez,Cárdenas,Laura,Pasaje Los Jazmines 1708
223,1,1,2,12595252,Fernandez,Lopez,Maria,Jirón Los Laureles 808
224,3,1,1,93727809,Castillo,Fernandez,Pedro,Calle Los Girasoles 606
225,2,1,1,93524043,Díaz,Fernandez,Julio,Pasaje Las Margaritas 909
226,1,1,1,54109317,Lopez,Torres,Diego,Calle Las Flores 202
227,3,1,2,65598726,Cárdenas,Castillo,Alex,Jirón Huascarán 789
228,1,1,2,96687415,Rodriguez,Cárdenas,Valeria,Calle Los Nogales 1001
229,2,1,1,51303368,Fernandez,Torres,Luis,Avenida Los Sauces 303
230,1,1,1,47175081,Cárdenas,Cárdenas,Leonardo,Calle Los Nogales 1001
231,3,1,2,90845869,Mamani,Rojas,Pedro,Avenida Los Olivos 1506
232,4,1,1,34661695,Lopez,Rodriguez,Diego,Avenida Los Olivos 1506
233,4,1,2,80621621,Fernandez,Chavez,Christian,Pasaje Los Eucaliptos 1304
234,3,1,1,23240234,Díaz,Rojas,Pedro,Avenida Los Cedros 707
235,1,1,2,63577433,Garcia,Mamani,Laura,Jirón Las Palmeras 1203
236,1,1,1,93854950,Huaman,Fernandez,Maria,Jirón Huascarán 789
237,4,1,1,62861631,Torres,Chavez,Valeria,Pasaje Los Alamos 101
238,1,1,2,86245980,Fernandez,Rodriguez,Ana,Jirón Huascarán 789
239,3,1,2,34658961,Díaz,Rojas,Diego,Jirón Las Acacias 1607
240,2,1,1,51763329,Lopez,Rojas,Julio,Pasaje Los Eucaliptos 1304
241,2,1,1,45298415,Castillo,Torres,Alex,Jirón Las Palmeras 1203
242,3,1,2,62305163,Díaz,Garcia,Jorge,Avenida Los Olivos 1506
243,4,1,2,16136824,Fernandez,Chavez,Alex,Calle Las Flores 202
244,1,1,2,75690383,Cárdenas,Castillo,Carlos,Pasaje Los Jazmines 1708
245,2,1,2,31676148,Rojas,Torres,Sofia,Avenida Los Sauces 303
246,3,1,1,44668884,Chavez,Rojas,Carlos,Pasaje Los Eucaliptos 1304
247,1,1,2,41481378,Díaz,Lopez,Julio,Pasaje Los Eucaliptos 1304
248,4,1,2,44394597,Mamani,Garcia,Diego,Pasaje Los Eucaliptos 1304
249,3,1,2,85131080,Mamani,Chavez,Maria,Avenida Los Pinos 1102
250,4,1,1,81397263,Lopez,Mamani,Maria,Pasaje Los Alamos 101
251,3,1,2,91827931,Huaman,Lopez,Sofia,Pasaje Los Alamos 101
252,4,1,1,02186693,Mamani,Garcia,Leonardo,Jirón Los Laureles 808
253,3,1,2,72148902,Díaz,Díaz,Diego,Pasaje Las Margaritas 909
254,1,1,2,90287570,Huaman,Garcia,Diego,Jirón Huascarán 789
255,4,1,1,37437546,Torres,Fernandez,Julio,Jirón Los Cipreses 404
256,2,1,1,73459898,Huaman,Castillo,Leonardo,Jirón Las Acacias 1607
257,1,1,2,50990128,Chavez,Torres,Carlos,Calle Los Nogales 1001
258,3,1,2,11446377,Cárdenas,Chavez,Pedro,Jirón Los Cipreses 404
259,1,1,1,60936419,Lopez,Garcia,Christian,Avenida Los Cedros 707
260,1,1,2,63975218,Quispe,Castillo,Jorge,Jirón Los Laureles 808
261,3,1,1,18555387,Rodriguez,Torres,Ana,Avenida Los Sauces 303
262,3,1,2,84196090,Torres,Mamani,Sofia,Calle Los Cactus 1405
263,4,1,1,35344105,Quispe,Rojas,Leonardo,Jirón Los Cipreses 404
264,2,1,1,45760681,Garcia,Lopez,Alex,Jirón Las Acacias 1607
265,1,1,2,83940957,Díaz,Lopez,Christian,Calle Los Nogales 1001
266,1,1,2,36672490,Garcia,Lopez,Leonardo,Calle Los Cactus 1405
267,1,1,2,39455612,Garcia,Quispe,Maria,Avenida Los Cedros 707
268,2,1,2,97902249,Lopez,Castillo,Luis,Calle Los Girasoles 606
269,3,1,2,18282059,Fernandez,Chavez,Christian,Calle Los Girasoles 606
270,3,1,2,60148847,Garcia,Castillo,Carlos,Avenida Primavera 456
271,2,1,2,47983924,Díaz,Torres,Christian,Calle Las Flores 202
272,4,1,2,18652795,Huaman,Quispe,Diego,Pasaje Los Alamos 101
273,4,1,1,20482123,Mamani,Torres,Ana,Pasaje Los Jazmines 1708
274,1,1,1,93422462,Torres,Garcia,Ana,Jirón Los Cipreses 404
275,2,1,1,59671576,Rodriguez,Díaz,Valeria,Jirón Las Acacias 1607
276,4,1,1,55465538,Quispe,Castillo,Carlos,Avenida Los Pinos 1102
277,1,1,2,47003274,Fernandez,Huaman,Christian,Avenida Los Cedros 707
278,2,1,2,55084186,Fernandez,Lopez,Pedro,Avenida Los Olivos 1506
279,2,1,1,81879845,Chavez,Cárdenas,Julio,Calle Los Nogales 1001
280,2,1,1,61253445,Mamani,Huaman,Pedro,Avenida Los Cedros 707
281,4,1,2,41646910,Torres,Fernandez,Valeria,Calle Los Girasoles 606
282,3,1,2,21844050,Mamani,Mamani,Sofia,Pasaje Los Alamos 101
283,1,1,2,28384234,Rodriguez,Díaz,Jorge,Avenida Primavera 456
284,1,1,2,85779642,Garcia,Lopez,Jorge,Avenida Los Cedros 707
285,4,1,2,91004791,Castillo,Garcia,Christian,Pasaje Los Alamos 101
286,1,1,2,70040968,Mamani,Torres,Maria,Pasaje Los Jazmines 1708
287,2,1,2,36031810,Chavez,Castillo,Jorge,Avenida Los Olivos 1506
288,1,1,2,73267632,Chavez,Chavez,Laura,Avenida Primavera 456
289,4,1,1,97781291,Fernandez,Fernandez,Christian,Jirón Los Laureles 808
290,1,1,2,42856266,Fernandez,Quispe,Ana,Calle Los Cactus 1405
291,2,1,1,35399839,Quispe,Huaman,Alex,Avenida Primavera 456
292,2,1,2,57920291,Díaz,Chavez,Julio,Calle Los Cactus 1405
293,1,1,2,87350638,Rodriguez,Chavez,Pedro,Avenida Los Sauces 303
294,2,1,1,98989792,Fernandez,Mamani,Carlos,Jirón Las Acacias 1607
295,2,1,2,83187252,Lopez,Lopez,Jorge,Jirón Los Cipreses 404
296,3,1,2,46693541,Fernandez,Castillo,Ana,Calle Los Girasoles 606
297,2,1,1,86150108,Huaman,Díaz,Sofia,Avenida Los Sauces 303
298,2,1,2,89654112,Rodriguez,Mamani,Christian,Pasaje Los Jazmines 1708
299,3,1,1,24063254,Quispe,Lopez,Laura,Pasaje Los Jazmines 1708
300,2,1,2,90350258,Cárdenas,Chavez,Luis,Pasaje Los Alamos 101
301,1,1,1,42178023,Chavez,Torres,Luis,Calle Los Girasoles 606
302,1,1,2,43296948,Huaman,Rodriguez,Jorge,Avenida Primavera 456
303,3,1,1,05319999,Quispe,Castillo,Laura,Calle Las Flores 202
304,1,1,1,88792382,Torres,Garcia,Laura,Calle Los Girasoles 606
305,3,1,1,01715340,Castillo,Díaz,Jorge,Jirón Las Palmeras 1203
306,3,1,2,26209595,Chavez,Garcia,Pedro,Pasaje Las Margaritas 909
307,3,1,1,59545554,Garcia,Huaman,Ana,Avenida Los Cedros 707
308,1,1,1,32748594,Garcia,Garcia,Ana,Calle Los Nogales 1001
309,2,1,1,22023220,Fernandez,Lopez,Laura,Avenida Los Olivos 1506
310,1,1,1,05178759,Lopez,Castillo,Alex,Jirón Los Cipreses 404
311,3,1,1,77344174,Huaman,Lopez,Julio,Calle Los Pinos 123
312,4,1,1,42151379,Rojas,Chavez,Valeria,Pasaje Las Orquídeas 505
313,2,1,1,72034253,Garcia,Quispe,Jorge,Jirón Huascarán 789
314,4,1,2,60666913,Torres,Torres,Laura,Calle Los Girasoles 606
315,4,1,1,52102594,Castillo,Quispe,Julio,Avenida Los Olivos 1506
316,4,1,1,75194362,Rojas,Cárdenas,Pedro,Avenida Los Olivos 1506
317,1,1,2,35452849,Rojas,Fernandez,Laura,Jirón Huascarán 789
318,2,1,1,83560446,Quispe,Mamani,Laura,Jirón Las Palmeras 1203
319,3,1,1,32346294,Rojas,Mamani,Sofia,Jirón Huascarán 789
320,4,1,1,83435712,Castillo,Castillo,Leonardo,Calle Las Flores 202
321,4,1,1,68257246,Cárdenas,Rodriguez,Diego,Pasaje Las Margaritas 909
322,4,1,1,78045257,Lopez,Rodriguez,Ana,Avenida Los Olivos 1506
323,3,1,2,61631147,Cárdenas,Garcia,Maria,Jirón Huascarán 789
324,3,1,1,95568914,Mamani,Fernandez,Alex,Calle Los Pinos 123
325,2,1,1,83470423,Díaz,Fernandez,Leonardo,Pasaje Las Margaritas 909
326,2,1,2,63833184,Castillo,Garcia,Luis,Pasaje Los Jazmines 1708
327,1,1,1,35109321,Fernandez,Rodriguez,Ana,Calle Los Pinos 123
328,2,1,2,33613665,Fernandez,Castillo,Valeria,Pasaje Los Jazmines 1708
329,3,1,2,52936054,Cárdenas,Huaman,Carlos,Pasaje Las Margaritas 909
330,4,1,2,46658101,Cárdenas,Lopez,Christian,Jirón Las Palmeras 1203
331,3,1,1,81800199,Rojas,Chavez,Pedro,Pasaje Los Jazmines 1708
332,3,1,2,37227414,Lopez,Fernandez,Laura,Avenida Los Olivos 1506
333,1,1,1,41490749,Lopez,Mamani,Christian,Jirón Las Acacias 1607
334,2,1,2,73155483,Castillo,Cárdenas,Carlos,Pasaje Las Margaritas 909
335,1,1,2,30612283,Garcia,Garcia,Pedro,Avenida Los Pinos 1102
336,1,1,1,49554284,Garcia,Fernandez,Valeria,Pasaje Las Orquídeas 505
337,1,1,1,44667490,Lopez,Castillo,Julio,Avenida Los Pinos 1102
338,4,1,2,72452308,Fernandez,Fernandez,Pedro,Jirón Las Acacias 1607
339,2,1,2,22307985,Díaz,Rodriguez,Laura,Calle Los Girasoles 606
340,1,1,2,24687665,Lopez,Quispe,Julio,Jirón Huascarán 789
341,4,1,2,72911174,Quispe,Huaman,Julio,Avenida Los Sauces 303
342,3,1,1,22254894,Díaz,Cárdenas,Alex,Avenida Los Sauces 303
343,3,1,1,30396422,Torres,Fernandez,Luis,Avenida Los Olivos 1506
344,2,1,2,15931324,Díaz,Fernandez,Ana,Pasaje Los Eucaliptos 1304
345,3,1,2,51357007,Quispe,Garcia,Diego,Calle Las Flores 202
346,1,1,2,48114972,Garcia,Rojas,Jorge,Jirón Los Laureles 808
347,1,1,1,27925037,Quispe,Garcia,Diego,Pasaje Las Orquídeas 505
348,1,1,1,53676341,Torres,Rodriguez,Carlos,Pasaje Las Orquídeas 505
349,4,1,2,14777404,Díaz,Huaman,Julio,Avenida Los Olivos 1506
350,3,1,2,64961301,Huaman,Huaman,Laura,Avenida Los Olivos 1506
351,2,1,2,09806110,Quispe,Mamani,Sofia,Avenida Los Cedros 707
352,2,1,2,62821609,Quispe,Lopez,Maria,Jirón Huascarán 789
353,1,1,1,27785093,Rojas,Cárdenas,Alex,Avenida Los Olivos 1506
354,3,1,1,52488381,Fernandez,Castillo,Pedro,Avenida Los Sauces 303
355,2,1,2,64197077,Mamani,Garcia,Luis,Jirón Las Palmeras 1203
356,1,1,1,23024245,Quispe,Lopez,Pedro,Avenida Los Pinos 1102
357,1,1,1,17134088,Rodriguez,Garcia,Diego,Avenida Los Olivos 1506
358,4,1,2,91522218,Fernandez,Garcia,Luis,Jirón Las Palmeras 1203
359,3,1,1,07317417,Garcia,Quispe,Luis,Pasaje Las Margaritas 909
360,1,1,1,65764133,Castillo,Díaz,Pedro,Calle Las Flores 202
361,1,1,1,32817738,Mamani,Garcia,Christian,Pasaje Las Margaritas 909
362,3,1,1,25299899,Díaz,Rodriguez,Jorge,Avenida Los Olivos 1506
363,3,1,2,70379538,Chavez,Cárdenas,Maria,Jirón Huascarán 789
364,3,1,2,29301220,Cárdenas,Díaz,Jorge,Jirón Las Acacias 1607
365,4,1,2,70099514,Mamani,Fernandez,Laura,Calle Las Flores 202
366,3,1,2,98880957,Rodriguez,Rojas,Ana,Pasaje Los Jazmines 1708
367,3,1,1,43421638,Rodriguez,Cárdenas,Laura,Calle Los Nogales 1001
368,4,1,2,13585392,Díaz,Rodriguez,Valeria,Calle Los Girasoles 606
369,2,1,2,76877404,Lopez,Cárdenas,Leonardo,Jirón Los Laureles 808
370,1,1,2,19719876,Quispe,Fernandez,Christian,Pasaje Las Margaritas 909
371,3,1,2,84242664,Huaman,Rojas,Maria,Pasaje Los Alamos 101
372,2,1,2,85395873,Fernandez,Mamani,Luis,Pasaje Los Jazmines 1708
373,2,1,2,28165272,Huaman,Díaz,Diego,Pasaje Los Eucaliptos 1304
374,4,1,1,25652450,Rojas,Torres,Pedro,Avenida Los Olivos 1506
375,3,1,2,31596630,Chavez,Huaman,Luis,Pasaje Las Margaritas 909
376,1,1,1,14496261,Rojas,Fernandez,Valeria,Calle Los Pinos 123
377,3,1,2,14025328,Torres,Huaman,Julio,Avenida Los Pinos 1102
378,1,1,1,68327117,Rojas,Quispe,Carlos,Jirón Los Laureles 808
379,3,1,1,42913137,Torres,Cárdenas,Christian,Pasaje Los Eucaliptos 1304
380,3,1,2,30625168,Quispe,Quispe,Carlos,Pasaje Los Alamos 101
381,4,1,2,94268226,Quispe,Chavez,Ana,Jirón Los Cipreses 404
382,4,1,1,52958336,Mamani,Huaman,Jorge,Calle Los Nogales 1001
383,2,1,1,19926641,Lopez,Fernandez,Laura,Jirón Los Cipreses 404
384,2,1,1,94844528,Torres,Torres,Laura,Jirón Las Palmeras 1203
385,1,1,2,48156991,Torres,Garcia,Christian,Pasaje Las Margaritas 909
386,2,1,1,77787230,Mamani,Castillo,Luis,Jirón Los Cipreses 404
387,4,1,1,38943880,Rodriguez,Rojas,Maria,Pasaje Las Margaritas 909
388,3,1,2,94370827,Mamani,Huaman,Ana,Pasaje Los Jazmines 1708
389,2,1,1,98919865,Chavez,Fernandez,Diego,Jirón Huascarán 789
390,3,1,2,51700181,Lopez,Díaz,Alex,Calle Las Flores 202
391,3,1,2,11804614,Cárdenas,Lopez,Pedro,Calle Los Nogales 1001
392,1,1,1,82699776,Castillo,Huaman,Sofia,Pasaje Las Margaritas 909
393,1,1,1,96006563,Fernandez,Castillo,Christian,Avenida Los Pinos 1102
394,1,1,1,33719059,Chavez,Garcia,Sofia,Jirón Huascarán 789
395,3,1,1,24218793,Huaman,Castillo,Julio,Avenida Los Cedros 707
396,3,1,2,35846659,Lopez,Fernandez,Laura,Pasaje Los Eucaliptos 1304
397,3,1,1,65408620,Lopez,Rodriguez,Sofia,Calle Las Flores 202
398,4,1,2,93627729,Castillo,Rodriguez,Diego,Jirón Los Laureles 808
399,2,1,2,72683046,Quispe,Rodriguez,Alex,Pasaje Los Alamos 101
400,1,1,2,00831054,Garcia,Díaz,Ana,Avenida Los Pinos 1102
401,2,1,1,42605570,Castillo,Rojas,Pedro,Avenida Los Sauces 303
402,4,1,1,50626810,Huaman,Díaz,Laura,Avenida Los Cedros 707
403,3,1,1,32882574,Rodriguez,Huaman,Leonardo,Jirón Los Cipreses 404
404,4,1,2,81915750,Lopez,Castillo,Pedro,Calle Los Girasoles 606
405,2,1,1,49724208,Chavez,Lopez,Maria,Avenida Los Cedros 707
406,3,1,2,48566711,Rojas,Mamani,Laura,Calle Las Flores 202
407,1,1,2,14666167,Torres,Rodriguez,Pedro,Avenida Los Olivos 1506
408,3,1,2,11298308,Chavez,Garcia,Alex,Avenida Los Sauces 303
409,1,1,2,89872001,Lopez,Fernandez,Julio,Calle Los Girasoles 606
410,2,1,1,37332492,Huaman,Garcia,Valeria,Jirón Los Cipreses 404
411,4,1,1,37850991,Fernandez,Torres,Laura,Calle Los Girasoles 606
412,3,1,2,74205516,Lopez,Díaz,Ana,Avenida Primavera 456
413,4,1,2,22334639,Rodriguez,Garcia,Pedro,Jirón Los Laureles 808
414,3,1,1,91175870,Quispe,Lopez,Diego,Pasaje Las Margaritas 909
415,4,1,2,21708860,Mamani,Chavez,Jorge,Jirón Huascarán 789
416,4,1,2,89069906,Cárdenas,Garcia,Jorge,Avenida Los Cedros 707
417,2,1,1,19734993,Fernandez,Garcia,Alex,Avenida Los Olivos 1506
418,1,1,1,80310404,Rojas,Garcia,Carlos,Jirón Los Cipreses 404
419,4,1,1,07733491,Mamani,Cárdenas,Leonardo,Avenida Los Olivos 1506
420,4,1,1,93809290,Quispe,Huaman,Christian,Pasaje Los Eucaliptos 1304
421,2,1,1,44605238,Rodriguez,Rojas,Jorge,Jirón Los Cipreses 404
422,4,1,1,92595887,Garcia,Garcia,Alex,Pasaje Las Margaritas 909
423,4,1,1,03843029,Chavez,Rojas,Julio,Calle Los Cactus 1405
424,1,1,1,95673866,Rodriguez,Mamani,Laura,Pasaje Los Eucaliptos 1304
425,4,1,2,01890970,Torres,Mamani,Maria,Pasaje Las Margaritas 909
426,2,1,1,60250627,Mamani,Cárdenas,Christian,Calle Los Cactus 1405
427,1,1,1,08126188,Lopez,Rodriguez,Leonardo,Jirón Las Acacias 1607
428,3,1,2,62731873,Fernandez,Chavez,Christian,Pasaje Los Jazmines 1708
429,4,1,1,90908863,Chavez,Mamani,Leonardo,Avenida Los Pinos 1102
430,1,1,1,05889340,Castillo,Lopez,Diego,Pasaje Los Jazmines 1708
431,1,1,1,41172398,Huaman,Torres,Luis,Pasaje Las Margaritas 909
432,4,1,1,91539348,Lopez,Torres,Valeria,Calle Los Pinos 123
433,1,1,1,90135284,Díaz,Lopez,Carlos,Avenida Los Cedros 707
434,4,1,2,53318457,Rodriguez,Rodriguez,Diego,Calle Las Flores 202
435,2,1,2,18477408,Rodriguez,Chavez,Ana,Avenida Primavera 456
436,2,1,1,47450738,Huaman,Cárdenas,Christian,Calle Las Flores 202
437,2,1,2,06042650,Mamani,Quispe,Maria,Calle Los Girasoles 606
438,2,1,1,78055312,Fernandez,Fernandez,Valeria,Jirón Los Cipreses 404
439,3,1,2,45472702,Castillo,Huaman,Maria,Pasaje Los Alamos 101
440,2,1,1,91473048,Lopez,Quispe,Jorge,Pasaje Las Orquídeas 505
441,2,1,1,38471778,Díaz,Quispe,Jorge,Jirón Huascarán 789
442,1,1,2,10352101,Quispe,Huaman,Christian,Pasaje Las Orquídeas 505
443,4,1,1,36909678,Chavez,Fernandez,Diego,Pasaje Las Orquídeas 505
444,2,1,2,76178032,Torres,Mamani,Christian,Pasaje Los Jazmines 1708
445,2,1,2,31038745,Cárdenas,Mamani,Carlos,Calle Las Flores 202
446,1,1,1,82069002,Chavez,Huaman,Christian,Pasaje Las Margaritas 909
447,2,1,2,41802351,Huaman,Fernandez,Christian,Avenida Los Sauces 303
448,2,1,1,35478585,Díaz,Castillo,Alex,Calle Los Nogales 1001
449,1,1,1,54762218,Huaman,Quispe,Julio,Avenida Los Cedros 707
450,1,1,2,28536540,Garcia,Cárdenas,Laura,Calle Los Girasoles 606
451,2,1,2,25818053,Quispe,Garcia,Julio,Avenida Los Sauces 303
452,2,1,1,00584088,Cárdenas,Mamani,Valeria,Jirón Los Cipreses 404
453,3,1,1,57747964,Quispe,Mamani,Carlos,Avenida Los Pinos 1102
454,3,1,2,74165874,Castillo,Chavez,Ana,Avenida Los Pinos 1102
455,1,1,1,99692449,Huaman,Castillo,Alex,Avenida Los Olivos 1506
456,4,1,1,44094781,Garcia,Quispe,Ana,Avenida Los Pinos 1102
457,4,1,1,12487238,Garcia,Castillo,Christian,Calle Los Pinos 123
458,1,1,2,49248407,Chavez,Chavez,Carlos,Calle Los Nogales 1001
459,1,1,1,00253100,Garcia,Chavez,Sofia,Avenida Los Cedros 707
460,2,1,2,97217409,Castillo,Lopez,Sofia,Avenida Los Pinos 1102
461,4,1,2,15521942,Rojas,Rojas,Valeria,Pasaje Los Jazmines 1708
462,2,1,1,06281827,Huaman,Huaman,Jorge,Avenida Primavera 456
463,4,1,2,70362472,Garcia,Cárdenas,Alex,Jirón Huascarán 789
464,4,1,2,17387339,Castillo,Huaman,Ana,Jirón Las Acacias 1607
465,2,1,1,51267537,Fernandez,Castillo,Laura,Avenida Los Olivos 1506
466,4,1,2,78776247,Chavez,Rodriguez,Leonardo,Pasaje Los Eucaliptos 1304
467,1,1,1,02169939,Rojas,Torres,Valeria,Jirón Las Acacias 1607
468,3,1,2,80528210,Garcia,Garcia,Sofia,Pasaje Los Alamos 101
469,3,1,1,66492923,Chavez,Chavez,Julio,Calle Los Girasoles 606
470,4,1,2,01886553,Lopez,Rodriguez,Ana,Avenida Los Pinos 1102
471,4,1,2,91859457,Rojas,Rodriguez,Carlos,Avenida Los Olivos 1506
472,2,1,2,44622090,Rojas,Castillo,Jorge,Calle Los Pinos 123
473,1,1,2,72136307,Huaman,Lopez,Leonardo,Pasaje Los Eucaliptos 1304
474,3,1,1,89372654,Cárdenas,Quispe,Pedro,Avenida Los Olivos 1506
475,2,1,2,56596457,Quispe,Huaman,Jorge,Calle Los Nogales 1001
476,3,1,1,34023391,Cárdenas,Huaman,Julio,Pasaje Los Alamos 101
477,1,1,2,06996732,Huaman,Garcia,Luis,Avenida Los Pinos 1102
478,4,1,1,75590501,Rodriguez,Chavez,Leonardo,Calle Los Girasoles 606
479,2,1,2,50152451,Mamani,Huaman,Julio,Jirón Los Cipreses 404
480,3,1,1,34320334,Rojas,Fernandez,Carlos,Pasaje Las Orquídeas 505
481,3,1,1,04687033,Torres,Torres,Alex,Calle Los Nogales 1001
482,4,1,2,36879869,Torres,Quispe,Maria,Avenida Primavera 456
483,3,1,1,45777614,Fernandez,Rodriguez,Diego,Jirón Los Cipreses 404
484,3,1,2,68818810,Rojas,Mamani,Sofia,Calle Las Flores 202
485,3,1,1,61997485,Castillo,Quispe,Carlos,Pasaje Las Margaritas 909
486,2,1,1,09571085,Garcia,Chavez,Jorge,Calle Los Cactus 1405
487,3,1,2,34274486,Huaman,Cárdenas,Sofia,Jirón Huascarán 789
488,3,1,1,93946371,Mamani,Fernandez,Luis,Calle Los Cactus 1405
489,1,1,2,43723583,Lopez,Garcia,Christian,Calle Los Cactus 1405
490,1,1,2,32154932,Chavez,Garcia,Jorge,Avenida Los Pinos 1102
491,2,1,1,59573964,Mamani,Cárdenas,Diego,Pasaje Los Eucaliptos 1304
492,3,1,1,47070253,Castillo,Cárdenas,Christian,Calle Los Nogales 1001
493,1,1,2,71073524,Castillo,Castillo,Jorge,Calle Las Flores 202
494,2,1,1,22406175,Cárdenas,Fernandez,Jorge,Avenida Los Olivos 1506
495,3,1,1,47062837,Chavez,Cárdenas,Laura,Pasaje Las Orquídeas 505
496,1,1,2,91738341,Mamani,Quispe,Maria,Pasaje Las Margaritas 909
497,1,1,1,14886009,Fernandez,Huaman,Carlos,Pasaje Los Eucaliptos 1304
498,1,1,1,22710972,Lopez,Huaman,Jorge,Calle Los Girasoles 606
499,4,1,2,31682363,Lopez,Garcia,Valeria,Jirón Las Acacias 1607
500,1,1,1,55309291,Fernandez,Garcia,Valeria,Avenida Los Pinos 1102
501,3,1,1,84388887,Lopez,Castillo,Carlos,Avenida Los Sauces 303
502,1,1,1,03322619,Garcia,Huaman,Carlos,Jirón Los Laureles 808
503,4,1,2,02734615,Rodriguez,Quispe,Christian,Calle Los Cactus 1405
504,1,1,1,76713928,Fernandez,Chavez,Christian,Jirón Las Palmeras 1203
505,1,1,1,42978282,Huaman,Castillo,Laura,Avenida Los Pinos 1102
506,4,1,2,13080797,Lopez,Mamani,Diego,Calle Los Cactus 1405
507,4,1,1,13815788,Rojas,Fernandez,Pedro,Pasaje Los Jazmines 1708
508,3,1,1,81358343,Quispe,Chavez,Laura,Pasaje Los Eucaliptos 1304
509,2,1,1,32184468,Mamani,Chavez,Julio,Pasaje Los Eucaliptos 1304
510,1,1,2,19555239,Huaman,Rodriguez,Christian,Calle Los Girasoles 606
511,3,1,1,56609033,Rojas,Cárdenas,Jorge,Avenida Los Pinos 1102
512,3,1,1,49517293,Rojas,Castillo,Pedro,Pasaje Los Jazmines 1708
513,3,1,2,85899772,Garcia,Chavez,Sofia,Pasaje Los Eucaliptos 1304
514,2,1,2,26617548,Fernandez,Lopez,Leonardo,Calle Los Pinos 123
515,2,1,2,20166118,Mamani,Díaz,Ana,Calle Los Pinos 123
516,1,1,2,08832181,Mamani,Garcia,Diego,Avenida Los Pinos 1102
517,2,1,2,30366337,Mamani,Cárdenas,Valeria,Calle Los Girasoles 606
518,2,1,2,20498510,Quispe,Quispe,Sofia,Avenida Los Pinos 1102
519,2,1,1,76132058,Huaman,Castillo,Luis,Avenida Primavera 456
520,2,1,1,68041879,Huaman,Rodriguez,Carlos,Pasaje Las Margaritas 909
521,2,1,2,09527701,Díaz,Rodriguez,Luis,Jirón Huascarán 789
522,1,1,1,70388133,Rojas,Chavez,Julio,Calle Los Cactus 1405
523,2,1,2,12039187,Huaman,Cárdenas,Maria,Calle Las Flores 202
524,4,1,2,98570737,Rodriguez,Torres,Valeria,Pasaje Los Alamos 101
525,1,1,2,32909626,Castillo,Lopez,Diego,Avenida Los Pinos 1102
526,4,1,1,79320529,Quispe,Garcia,Pedro,Pasaje Los Jazmines 1708
527,2,1,2,82311691,Castillo,Huaman,Sofia,Jirón Las Palmeras 1203
528,4,1,1,66386172,Castillo,Lopez,Christian,Pasaje Las Orquídeas 505
529,1,1,2,07258322,Quispe,Fernandez,Luis,Pasaje Los Jazmines 1708
530,1,1,1,17659914,Garcia,Huaman,Alex,Jirón Los Laureles 808
531,2,2,1,19259705,Quispe,Castillo,Valeria,Pasaje Las Margaritas 909
532,3,1,2,45502358,Rojas,Mamani,Alex,Calle Los Girasoles 606
533,3,1,2,98074234,Fernandez,Chavez,Sofia,Avenida Los Olivos 1506
534,2,1,1,44962617,Cárdenas,Garcia,Ana,Jirón Los Laureles 808
535,1,1,2,39040190,Quispe,Huaman,Julio,Avenida Primavera 456
536,2,1,1,04061060,Chavez,Díaz,Luis,Jirón Los Cipreses 404
537,2,1,2,79181795,Castillo,Fernandez,Luis,Pasaje Las Margaritas 909
538,1,1,2,50520019,Torres,Lopez,Jorge,Jirón Los Cipreses 404
539,2,1,1,64665656,Quispe,Fernandez,Carlos,Pasaje Las Margaritas 909
540,3,1,2,04195751,Huaman,Fernandez,Luis,Pasaje Los Alamos 101
541,4,1,1,71967991,Torres,Castillo,Sofia,Jirón Los Laureles 808
542,1,1,1,97599187,Fernandez,Torres,Jorge,Calle Los Nogales 1001
543,4,1,2,24250314,Mamani,Rojas,Sofia,Calle Las Flores 202
544,1,1,2,05767900,Fernandez,Garcia,Julio,Jirón Los Laureles 808
545,4,1,1,10492374,Garcia,Quispe,Valeria,Pasaje Los Eucaliptos 1304
546,1,1,1,56235691,Mamani,Castillo,Valeria,Calle Las Flores 202
547,3,1,2,29815659,Garcia,Cárdenas,Carlos,Pasaje Las Margaritas 909
548,4,1,2,06267400,Rojas,Rodriguez,Pedro,Jirón Las Acacias 1607
549,4,1,1,73018887,Chavez,Castillo,Diego,Avenida Los Cedros 707
550,4,1,2,29452467,Mamani,Rojas,Valeria,Calle Los Pinos 123
551,1,1,1,25009462,Castillo,Mamani,Diego,Calle Los Cactus 1405
552,2,1,1,11103862,Huaman,Huaman,Ana,Jirón Las Palmeras 1203
553,1,1,1,28824162,Garcia,Rodriguez,Valeria,Pasaje Los Eucaliptos 1304
554,1,1,2,43328547,Díaz,Rojas,Leonardo,Jirón Las Palmeras 1203
555,1,1,1,90630598,Díaz,Castillo,Alex,Jirón Las Acacias 1607
556,1,1,2,35662699,Garcia,Torres,Diego,Jirón Las Palmeras 1203
557,2,1,1,81168756,Lopez,Lopez,Valeria,Avenida Los Sauces 303
558,1,1,2,01143482,Mamani,Castillo,Sofia,Calle Los Nogales 1001
559,2,1,2,86661194,Garcia,Cárdenas,Julio,Avenida Los Cedros 707
560,3,1,1,90903836,Rojas,Huaman,Julio,Calle Los Pinos 123
561,1,1,2,78067119,Rodriguez,Fernandez,Valeria,Avenida Los Cedros 707
562,2,1,2,11608737,Chavez,Lopez,Maria,Jirón Los Laureles 808
563,4,1,2,22419182,Rodriguez,Quispe,Jorge,Pasaje Los Alamos 101
564,1,1,1,30480435,Rojas,Rojas,Jorge,Jirón Las Palmeras 1203
565,4,1,1,43716446,Quispe,Rodriguez,Pedro,Pasaje Las Orquídeas 505
566,1,1,2,63105692,Mamani,Rojas,Maria,Pasaje Las Margaritas 909
567,2,1,2,04846030,Mamani,Castillo,Laura,Jirón Las Palmeras 1203
568,4,1,2,72503044,Rodriguez,Huaman,Carlos,Avenida Los Sauces 303
569,3,1,2,25096746,Castillo,Díaz,Diego,Avenida Los Cedros 707
570,4,1,1,70340971,Torres,Huaman,Christian,Avenida Los Pinos 1102
571,3,1,2,84066920,Lopez,Rojas,Carlos,Avenida Los Cedros 707
572,3,1,1,16567838,Huaman,Lopez,Ana,Jirón Huascarán 789
573,4,1,1,20538770,Díaz,Garcia,Laura,Jirón Los Laureles 808
574,4,1,1,86536909,Quispe,Chavez,Luis,Jirón Las Acacias 1607
575,4,1,2,09018086,Castillo,Rojas,Valeria,Avenida Primavera 456
576,4,1,2,98410227,Díaz,Mamani,Ana,Avenida Los Sauces 303
577,1,1,1,36560063,Quispe,Huaman,Carlos,Avenida Los Cedros 707
578,4,1,2,81702419,Mamani,Lopez,Diego,Avenida Los Olivos 1506
579,4,1,1,84004383,Torres,Fernandez,Valeria,Calle Las Flores 202
580,1,1,1,64989647,Torres,Rodriguez,Christian,Avenida Los Pinos 1102
581,3,1,2,03441915,Garcia,Torres,Leonardo,Calle Los Pinos 123
582,1,1,2,56929230,Rojas,Huaman,Laura,Avenida Primavera 456
583,2,1,1,54029197,Lopez,Huaman,Ana,Avenida Los Pinos 1102
584,3,1,2,46191108,Mamani,Lopez,Sofia,Calle Los Nogales 1001
585,4,1,2,63218201,Lopez,Quispe,Sofia,Jirón Los Laureles 808
586,1,1,1,78235643,Rojas,Rodriguez,Diego,Calle Los Pinos 123
587,4,1,1,79822915,Rojas,Quispe,Pedro,Calle Los Cactus 1405
588,1,1,2,70578361,Lopez,Quispe,Julio,Pasaje Los Eucaliptos 1304
589,2,1,1,63903840,Cárdenas,Garcia,Sofia,Calle Los Cactus 1405
590,2,1,1,10747770,Rodriguez,Quispe,Julio,Calle Los Nogales 1001
591,2,1,2,83299383,Quispe,Quispe,Maria,Jirón Las Acacias 1607
592,2,1,1,78427137,Rodriguez,Fernandez,Luis,Avenida Primavera 456
593,3,1,1,85808993,Fernandez,Fernandez,Julio,Pasaje Las Orquídeas 505
594,1,1,1,26646648,Lopez,Castillo,Laura,Pasaje Las Margaritas 909
595,3,1,2,40505594,Lopez,Díaz,Leonardo,Pasaje Las Orquídeas 505
596,1,1,1,71914545,Torres,Rodriguez,Maria,Calle Los Nogales 1001
597,1,1,1,90644986,Quispe,Chavez,Diego,Calle Los Pinos 123
598,1,1,1,07479632,Torres,Rojas,Leonardo,Calle Los Pinos 123
599,4,1,1,13247815,Lopez,Díaz,Diego,Calle Los Nogales 1001
600,2,1,1,62924154,Díaz,Castillo,Alex,Pasaje Las Orquídeas 505
601,3,1,2,63823676,Rojas,Chavez,Laura,Calle Los Pinos 123
602,4,1,1,79009593,Lopez,Fernandez,Pedro,Avenida Los Cedros 707
603,3,1,2,73107762,Castillo,Díaz,Laura,Pasaje Los Eucaliptos 1304
604,4,1,1,82868287,Torres,Quispe,Alex,Jirón Los Laureles 808
605,1,1,1,10356543,Rodriguez,Torres,Ana,Pasaje Los Jazmines 1708
606,4,1,2,37978682,Cárdenas,Castillo,Maria,Avenida Los Cedros 707
607,2,1,1,51431058,Lopez,Chavez,Jorge,Pasaje Las Margaritas 909
608,4,1,2,12361340,Rojas,Huaman,Pedro,Jirón Las Acacias 1607
609,1,1,1,30755262,Torres,Torres,Pedro,Avenida Los Cedros 707
610,1,1,1,68966148,Torres,Lopez,Jorge,Pasaje Los Eucaliptos 1304
611,3,1,1,18779930,Rojas,Castillo,Sofia,Jirón Los Laureles 808
612,1,1,1,70907796,Chavez,Rodriguez,Alex,Calle Los Pinos 123
613,1,1,1,79371888,Cárdenas,Lopez,Luis,Pasaje Los Alamos 101
614,2,1,2,24466915,Castillo,Torres,Carlos,Pasaje Los Eucaliptos 1304
615,2,1,1,61151120,Huaman,Garcia,Julio,Avenida Primavera 456
616,4,2,2,30096752,Rodriguez,Rodriguez,Pedro,Jirón Los Cipreses 404
617,2,1,2,38286886,Torres,Huaman,Christian,Avenida Los Sauces 303
618,2,1,2,56494716,Fernandez,Díaz,Pedro,Jirón Los Cipreses 404
619,1,1,1,31078360,Mamani,Díaz,Sofia,Jirón Las Acacias 1607
620,2,1,2,49693552,Cárdenas,Mamani,Julio,Pasaje Las Orquídeas 505
621,3,1,1,77892468,Rodriguez,Torres,Diego,Jirón Las Acacias 1607
622,4,1,1,67710604,Cárdenas,Quispe,Alex,Calle Los Pinos 123
623,4,1,2,58040051,Lopez,Díaz,Leonardo,Pasaje Los Eucaliptos 1304
624,3,1,2,64660280,Lopez,Huaman,Luis,Jirón Los Laureles 808
625,4,1,2,65261600,Fernandez,Lopez,Luis,Pasaje Los Eucaliptos 1304
626,2,1,2,56142718,Chavez,Quispe,Laura,Pasaje Los Jazmines 1708
627,3,1,1,23566536,Rodriguez,Quispe,Carlos,Pasaje Los Jazmines 1708
628,3,1,2,61028274,Díaz,Castillo,Valeria,Avenida Primavera 456
629,4,1,2,66299396,Huaman,Castillo,Leonardo,Calle Los Girasoles 606
630,2,1,1,97294056,Garcia,Mamani,Sofia,Pasaje Las Margaritas 909
631,1,1,1,27286156,Rodriguez,Mamani,Julio,Pasaje Los Eucaliptos 1304
632,1,1,1,26424966,Lopez,Díaz,Diego,Jirón Los Cipreses 404
633,3,1,2,61589205,Quispe,Lopez,Pedro,Avenida Los Sauces 303
634,4,1,2,92141802,Cárdenas,Garcia,Pedro,Avenida Los Pinos 1102
635,3,1,1,18358128,Rodriguez,Torres,Luis,Pasaje Las Margaritas 909
636,1,1,1,45915836,Castillo,Cárdenas,Jorge,Pasaje Los Jazmines 1708
637,2,1,1,65838988,Rodriguez,Lopez,Valeria,Avenida Los Olivos 1506
638,1,1,2,10494316,Quispe,Garcia,Luis,Jirón Los Laureles 808
639,4,1,1,30371823,Fernandez,Quispe,Leonardo,Jirón Huascarán 789
640,3,1,1,58840959,Torres,Torres,Sofia,Pasaje Los Alamos 101
641,2,1,2,23693282,Cárdenas,Torres,Maria,Avenida Los Pinos 1102
642,1,1,1,10026490,Mamani,Cárdenas,Carlos,Calle Los Cactus 1405
643,3,1,1,50946356,Chavez,Castillo,Laura,Jirón Las Acacias 1607
644,3,1,1,99299816,Cárdenas,Huaman,Carlos,Jirón Las Palmeras 1203
645,1,1,2,31928038,Torres,Castillo,Maria,Jirón Los Cipreses 404
646,4,1,2,90960362,Lopez,Díaz,Laura,Avenida Los Sauces 303
647,1,1,2,76561865,Chavez,Castillo,Alex,Calle Las Flores 202
648,3,1,1,92470655,Castillo,Díaz,Leonardo,Avenida Los Cedros 707
649,1,1,1,02340030,Díaz,Rodriguez,Pedro,Pasaje Los Jazmines 1708
650,2,1,2,33313530,Torres,Rojas,Julio,Avenida Los Olivos 1506
651,3,1,2,76972578,Rojas,Rojas,Maria,Avenida Los Olivos 1506
652,4,1,1,85373233,Fernandez,Quispe,Laura,Calle Los Girasoles 606
653,2,1,2,18505664,Chavez,Fernandez,Ana,Pasaje Los Eucaliptos 1304
654,3,1,2,91851088,Torres,Díaz,Luis,Avenida Los Pinos 1102
655,4,1,1,53135478,Díaz,Díaz,Maria,Avenida Los Cedros 707
656,4,1,2,49040487,Castillo,Lopez,Valeria,Calle Las Flores 202
657,1,1,2,00517456,Lopez,Díaz,Laura,Calle Los Pinos 123
658,4,1,1,14956825,Lopez,Chavez,Valeria,Avenida Los Olivos 1506
659,2,1,1,31589217,Fernandez,Fernandez,Jorge,Jirón Los Laureles 808
660,3,1,2,31034133,Huaman,Díaz,Luis,Pasaje Los Jazmines 1708
661,4,1,2,60776653,Mamani,Huaman,Alex,Avenida Los Pinos 1102
662,4,1,1,01987957,Lopez,Cárdenas,Laura,Jirón Los Cipreses 404
663,2,1,1,66237915,Castillo,Cárdenas,Leonardo,Pasaje Los Jazmines 1708
664,2,1,2,31650861,Rojas,Díaz,Maria,Calle Los Pinos 123
665,3,1,1,54815366,Torres,Quispe,Maria,Jirón Los Cipreses 404
666,4,1,1,99360080,Torres,Chavez,Laura,Calle Los Girasoles 606
667,2,1,2,63559413,Rojas,Huaman,Leonardo,Pasaje Los Jazmines 1708
668,3,1,2,52460912,Rojas,Torres,Jorge,Jirón Las Palmeras 1203
669,4,1,1,96727537,Garcia,Díaz,Valeria,Calle Los Cactus 1405
670,2,1,2,83579407,Torres,Lopez,Carlos,Avenida Los Cedros 707
671,1,1,1,29848862,Castillo,Mamani,Sofia,Jirón Las Palmeras 1203
672,2,1,2,65648852,Quispe,Chavez,Jorge,Calle Los Cactus 1405
673,3,1,1,84711941,Chavez,Díaz,Valeria,Jirón Los Laureles 808
674,4,1,2,86745970,Huaman,Díaz,Valeria,Pasaje Los Jazmines 1708
675,3,1,1,94501598,Quispe,Torres,Sofia,Pasaje Los Eucaliptos 1304
676,1,1,1,15652022,Chavez,Díaz,Jorge,Pasaje Las Orquídeas 505
677,1,1,2,01046994,Huaman,Mamani,Valeria,Jirón Huascarán 789
678,4,1,2,07876160,Garcia,Castillo,Sofia,Pasaje Las Margaritas 909
679,1,1,1,51943835,Garcia,Castillo,Maria,Calle Los Pinos 123
680,1,1,2,78714889,Cárdenas,Rodriguez,Diego,Jirón Huascarán 789
681,1,1,2,31810168,Mamani,Mamani,Christian,Calle Los Pinos 123
682,4,1,1,49150397,Fernandez,Lopez,Julio,Jirón Las Palmeras 1203
683,4,1,1,79682834,Fernandez,Cárdenas,Carlos,Pasaje Los Jazmines 1708
684,2,1,1,53468784,Quispe,Rodriguez,Laura,Pasaje Los Alamos 101
685,2,1,2,11086602,Quispe,Cárdenas,Julio,Pasaje Las Orquídeas 505
686,4,1,2,85877228,Torres,Torres,Ana,Avenida Los Pinos 1102
687,2,1,2,55544372,Cárdenas,Lopez,Maria,Jirón Huascarán 789
688,3,1,1,45716026,Chavez,Quispe,Laura,Avenida Los Sauces 303
689,2,1,1,47477813,Lopez,Castillo,Alex,Pasaje Las Margaritas 909
690,3,1,2,12939415,Chavez,Garcia,Carlos,Jirón Los Cipreses 404
691,2,1,1,84507078,Rodriguez,Castillo,Laura,Jirón Las Palmeras 1203
692,4,1,2,53246788,Chavez,Torres,Laura,Jirón Las Acacias 1607
693,2,1,1,71522001,Garcia,Fernandez,Jorge,Calle Las Flores 202
694,3,1,1,51077272,Chavez,Fernandez,Laura,Calle Las Flores 202
695,2,1,2,82799142,Quispe,Chavez,Ana,Pasaje Las Margaritas 909
696,4,1,1,67305294,Torres,Chavez,Jorge,Jirón Los Cipreses 404
697,4,1,1,80246988,Castillo,Rojas,Sofia,Jirón Huascarán 789
698,1,1,1,65983652,Rodriguez,Mamani,Valeria,Calle Los Girasoles 606
699,2,1,2,20759991,Torres,Rodriguez,Sofia,Pasaje Las Margaritas 909
700,4,1,1,71264428,Quispe,Rodriguez,Ana,Pasaje Los Eucaliptos 1304
701,1,1,2,89300954,Castillo,Chavez,Sofia,Calle Los Girasoles 606
702,3,1,1,03809695,Garcia,Mamani,Valeria,Jirón Huascarán 789
703,1,1,1,14725872,Fernandez,Cárdenas,Maria,Avenida Los Pinos 1102
704,2,1,2,87374014,Rojas,Lopez,Valeria,Avenida Los Cedros 707
705,1,1,1,45132535,Huaman,Rodriguez,Luis,Pasaje Los Jazmines 1708
706,3,1,1,96609102,Huaman,Chavez,Pedro,Pasaje Las Margaritas 909
707,2,1,2,94010390,Quispe,Lopez,Pedro,Avenida Los Sauces 303
708,2,1,1,48811686,Díaz,Lopez,Julio,Avenida Los Cedros 707
709,4,1,2,87302278,Mamani,Huaman,Ana,Calle Los Nogales 1001
710,3,1,2,89955295,Díaz,Cárdenas,Leonardo,Pasaje Las Margaritas 909
711,3,1,2,10287851,Torres,Mamani,Luis,Avenida Los Sauces 303
712,4,1,2,80178582,Castillo,Rojas,Jorge,Jirón Los Laureles 808
713,1,1,1,83499200,Fernandez,Castillo,Diego,Calle Los Girasoles 606
714,3,1,2,44474432,Díaz,Rojas,Carlos,Avenida Primavera 456
715,4,1,2,31594068,Rojas,Lopez,Jorge,Avenida Los Sauces 303
716,3,1,2,56916127,Garcia,Díaz,Ana,Calle Los Girasoles 606
717,1,1,2,85293129,Fernandez,Chavez,Carlos,Jirón Las Palmeras 1203
718,4,1,1,02700114,Quispe,Garcia,Laura,Jirón Los Cipreses 404
719,4,1,2,56046757,Cárdenas,Torres,Julio,Calle Los Girasoles 606
720,3,1,1,13623707,Lopez,Rodriguez,Valeria,Pasaje Los Alamos 101
721,4,1,2,29085654,Castillo,Torres,Maria,Calle Los Cactus 1405
722,3,1,1,28030541,Díaz,Fernandez,Sofia,Calle Los Nogales 1001
723,4,1,2,51235714,Quispe,Fernandez,Sofia,Jirón Las Acacias 1607
724,2,1,2,79746244,Lopez,Chavez,Jorge,Calle Los Nogales 1001
725,1,1,2,48999511,Quispe,Díaz,Pedro,Calle Las Flores 202
726,1,1,1,07401699,Quispe,Quispe,Carlos,Jirón Huascarán 789
727,1,1,1,13046792,Garcia,Lopez,Julio,Jirón Los Laureles 808
728,2,1,2,87802340,Chavez,Cárdenas,Julio,Jirón Los Laureles 808
729,4,1,1,58161101,Garcia,Castillo,Ana,Pasaje Las Orquídeas 505
730,3,1,2,15017994,Rodriguez,Huaman,Carlos,Avenida Primavera 456
731,2,1,2,31420234,Rodriguez,Garcia,Valeria,Jirón Las Palmeras 1203
732,4,1,2,60302819,Garcia,Rodriguez,Jorge,Avenida Los Pinos 1102
733,1,1,2,68709100,Lopez,Garcia,Ana,Pasaje Los Alamos 101
734,1,1,1,18341696,Chavez,Rodriguez,Diego,Jirón Las Palmeras 1203
735,4,1,2,79149952,Rojas,Díaz,Diego,Pasaje Los Jazmines 1708
736,3,1,1,74679589,Fernandez,Quispe,Alex,Avenida Primavera 456
737,4,1,1,72364283,Rojas,Díaz,Carlos,Jirón Las Acacias 1607
738,1,1,1,18183975,Quispe,Fernandez,Christian,Jirón Las Acacias 1607
739,3,1,1,43326673,Rojas,Lopez,Alex,Avenida Los Pinos 1102
740,4,1,2,12549721,Fernandez,Cárdenas,Christian,Pasaje Los Jazmines 1708
741,3,1,1,83351767,Huaman,Lopez,Jorge,Calle Los Girasoles 606
742,2,1,2,27393848,Castillo,Castillo,Maria,Avenida Los Olivos 1506
743,2,1,2,24747387,Mamani,Garcia,Luis,Pasaje Los Alamos 101
744,2,1,2,30614478,Castillo,Castillo,Maria,Avenida Primavera 456
745,1,1,1,16986072,Mamani,Torres,Julio,Calle Las Flores 202
746,4,1,1,58260963,Fernandez,Huaman,Alex,Calle Las Flores 202
747,4,1,1,38152901,Huaman,Torres,Diego,Pasaje Las Orquídeas 505
748,4,1,2,34966317,Chavez,Torres,Sofia,Jirón Las Acacias 1607
749,2,1,2,53538813,Díaz,Díaz,Valeria,Pasaje Las Orquídeas 505
750,2,1,1,33993566,Chavez,Garcia,Sofia,Calle Los Nogales 1001
751,4,1,2,15242050,Castillo,Quispe,Carlos,Jirón Las Palmeras 1203
752,4,1,2,96144138,Rodriguez,Cárdenas,Leonardo,Calle Los Girasoles 606
753,3,1,2,72763775,Chavez,Mamani,Alex,Calle Los Pinos 123
754,1,1,1,91841420,Chavez,Torres,Diego,Calle Las Flores 202
755,4,1,2,63838093,Lopez,Rojas,Diego,Avenida Los Sauces 303
756,1,1,1,01360167,Quispe,Lopez,Valeria,Calle Los Cactus 1405
757,4,1,1,54796477,Mamani,Chavez,Diego,Avenida Primavera 456
758,3,1,1,65964454,Cárdenas,Rodriguez,Laura,Avenida Primavera 456
759,4,1,2,34716779,Cárdenas,Mamani,Ana,Calle Los Girasoles 606
760,3,1,2,82774328,Lopez,Lopez,Jorge,Jirón Los Laureles 808
761,4,1,2,91186011,Díaz,Cárdenas,Alex,Pasaje Los Jazmines 1708
762,2,1,2,36840158,Cárdenas,Díaz,Christian,Avenida Los Sauces 303
763,2,1,2,31694962,Huaman,Torres,Christian,Calle Los Nogales 1001
764,4,1,2,51061895,Castillo,Torres,Ana,Jirón Los Laureles 808
765,4,1,2,82361318,Díaz,Díaz,Sofia,Pasaje Los Eucaliptos 1304
766,2,1,2,37330884,Garcia,Chavez,Jorge,Jirón Las Palmeras 1203
767,1,1,2,70758686,Mamani,Lopez,Alex,Avenida Los Pinos 1102
768,3,1,1,67311080,Mamani,Torres,Sofia,Jirón Las Palmeras 1203
769,2,1,2,79055527,Quispe,Castillo,Sofia,Pasaje Los Alamos 101
770,4,1,1,95030330,Torres,Torres,Julio,Calle Los Cactus 1405
771,1,1,2,02073154,Lopez,Garcia,Jorge,Pasaje Los Eucaliptos 1304
772,1,1,2,91316536,Castillo,Rojas,Luis,Avenida Los Pinos 1102
773,3,1,1,43364803,Cárdenas,Mamani,Valeria,Calle Los Pinos 123
774,2,1,1,99031026,Garcia,Rojas,Jorge,Jirón Los Cipreses 404
775,2,1,1,92795442,Cárdenas,Garcia,Carlos,Pasaje Las Orquídeas 505
776,3,1,1,10727132,Garcia,Mamani,Christian,Avenida Los Pinos 1102
777,2,1,2,92000995,Rodriguez,Lopez,Diego,Jirón Las Acacias 1607
778,3,1,2,30248814,Rojas,Chavez,Luis,Jirón Las Acacias 1607
779,1,1,2,72876736,Cárdenas,Huaman,Ana,Calle Las Flores 202
780,1,1,2,60414348,Mamani,Quispe,Ana,Avenida Los Pinos 1102
781,1,1,1,46991326,Castillo,Rojas,Maria,Calle Las Flores 202
782,3,1,1,59377412,Cárdenas,Lopez,Valeria,Calle Los Girasoles 606
783,2,1,1,13984318,Cárdenas,Castillo,Valeria,Pasaje Las Margaritas 909
784,4,1,2,73618829,Cárdenas,Huaman,Valeria,Calle Los Nogales 1001
785,4,1,2,80482619,Díaz,Garcia,Pedro,Avenida Los Olivos 1506
786,2,1,2,05655404,Rojas,Cárdenas,Leonardo,Pasaje Las Orquídeas 505
787,2,1,2,74458999,Huaman,Chavez,Leonardo,Pasaje Los Eucaliptos 1304
788,2,1,2,71945521,Torres,Castillo,Pedro,Avenida Los Olivos 1506
789,3,1,2,21648382,Garcia,Quispe,Valeria,Jirón Huascarán 789
790,2,1,2,12959732,Díaz,Rodriguez,Alex,Avenida Primavera 456
791,3,1,2,55274361,Lopez,Lopez,Ana,Calle Los Girasoles 606
792,1,1,1,47974696,Mamani,Díaz,Luis,Pasaje Las Margaritas 909
793,3,1,2,69060108,Lopez,Cárdenas,Diego,Avenida Los Olivos 1506
794,3,1,1,47406651,Castillo,Garcia,Diego,Jirón Las Acacias 1607
795,4,1,1,06175524,Rojas,Huaman,Sofia,Jirón Las Acacias 1607
796,3,1,1,81295351,Cárdenas,Huaman,Jorge,Calle Los Nogales 1001
797,1,1,2,77578538,Lopez,Torres,Luis,Calle Los Pinos 123
798,3,1,2,36268073,Cárdenas,Díaz,Maria,Pasaje Los Alamos 101
799,2,1,1,69592131,Garcia,Cárdenas,Jorge,Calle Los Nogales 1001
800,1,1,2,17158494,Torres,Lopez,Sofia,Calle Las Flores 202
801,1,1,2,10382887,Torres,Rojas,Leonardo,Calle Los Nogales 1001
802,1,1,2,72000916,Mamani,Huaman,Jorge,Avenida Los Olivos 1506
803,1,1,2,88591156,Mamani,Lopez,Maria,Calle Los Girasoles 606
804,1,1,2,79436904,Mamani,Fernandez,Carlos,Avenida Los Sauces 303
805,1,1,2,93904329,Mamani,Lopez,Valeria,Calle Los Cactus 1405
806,1,1,2,66943644,Lopez,Quispe,Diego,Calle Los Nogales 1001
807,2,1,2,98690111,Castillo,Cárdenas,Valeria,Calle Las Flores 202
808,3,1,2,01157116,Fernandez,Castillo,Christian,Avenida Primavera 456
809,3,1,1,98661334,Chavez,Torres,Laura,Jirón Las Acacias 1607
810,4,1,2,61852258,Castillo,Fernandez,Jorge,Calle Los Nogales 1001
811,2,1,2,43318879,Díaz,Rodriguez,Sofia,Calle Las Flores 202
812,3,1,2,91057573,Quispe,Mamani,Alex,Pasaje Las Orquídeas 505
813,2,1,1,93418025,Mamani,Cárdenas,Alex,Calle Los Cactus 1405
814,1,1,2,60232080,Rojas,Rodriguez,Diego,Calle Los Nogales 1001
815,4,1,2,06642000,Rojas,Díaz,Ana,Pasaje Los Jazmines 1708
816,3,1,1,11355892,Chavez,Cárdenas,Pedro,Jirón Huascarán 789
817,4,1,2,18646451,Castillo,Rodriguez,Sofia,Jirón Los Cipreses 404
818,1,1,2,16238634,Quispe,Quispe,Carlos,Calle Las Flores 202
819,2,1,2,90193924,Cárdenas,Rojas,Sofia,Calle Los Nogales 1001
820,1,2,2,67849093,Rojas,Díaz,Alex,Avenida Los Cedros 707
821,4,1,1,36142253,Quispe,Castillo,Laura,Calle Los Nogales 1001
822,1,1,2,48771830,Garcia,Mamani,Luis,Calle Los Pinos 123
823,1,1,1,29972133,Quispe,Fernandez,Valeria,Calle Los Girasoles 606
824,3,1,1,42948989,Cárdenas,Rodriguez,Diego,Calle Los Pinos 123
825,3,1,1,59820449,Lopez,Fernandez,Valeria,Calle Las Flores 202
826,4,1,1,77190777,Torres,Rodriguez,Jorge,Avenida Los Olivos 1506
827,4,1,1,84846232,Quispe,Díaz,Carlos,Jirón Los Laureles 808
828,2,1,1,72857524,Garcia,Rodriguez,Ana,Avenida Los Olivos 1506
829,3,1,2,69572331,Huaman,Díaz,Pedro,Avenida Los Cedros 707
830,2,1,1,98274653,Díaz,Cárdenas,Luis,Calle Los Cactus 1405
831,2,1,1,27590623,Mamani,Garcia,Leonardo,Pasaje Los Eucaliptos 1304
832,1,1,2,25610902,Torres,Fernandez,Pedro,Calle Los Girasoles 606
833,1,1,1,17715855,Torres,Díaz,Laura,Calle Los Pinos 123
834,3,1,1,31752351,Rojas,Mamani,Carlos,Calle Los Nogales 1001
835,1,1,1,40446728,Rodriguez,Chavez,Ana,Calle Los Girasoles 606
836,1,1,2,81799766,Garcia,Fernandez,Sofia,Calle Los Nogales 1001
837,3,1,2,92298548,Fernandez,Torres,Diego,Pasaje Los Jazmines 1708
838,1,1,1,66254628,Chavez,Huaman,Pedro,Pasaje Los Eucaliptos 1304
839,2,1,1,87835703,Díaz,Huaman,Pedro,Calle Las Flores 202
840,4,1,1,32669003,Fernandez,Díaz,Pedro,Pasaje Las Orquídeas 505
841,2,1,2,86207901,Fernandez,Fernandez,Diego,Jirón Los Laureles 808
842,3,1,2,48026614,Rodriguez,Chavez,Diego,Avenida Los Olivos 1506
843,3,1,2,84795882,Garcia,Cárdenas,Laura,Pasaje Los Alamos 101
844,1,1,2,78994466,Torres,Quispe,Ana,Jirón Las Acacias 1607
845,2,1,2,99517660,Chavez,Mamani,Ana,Calle Los Girasoles 606
846,2,1,1,43456586,Rojas,Lopez,Valeria,Avenida Los Pinos 1102
847,1,1,1,18136773,Mamani,Lopez,Carlos,Jirón Los Laureles 808
848,1,1,2,92108110,Torres,Díaz,Ana,Jirón Las Acacias 1607
849,1,1,2,52123620,Cárdenas,Rodriguez,Luis,Pasaje Los Jazmines 1708
850,4,1,2,25868590,Mamani,Cárdenas,Valeria,Calle Los Nogales 1001
851,3,1,2,39774561,Rodriguez,Quispe,Diego,Pasaje Los Alamos 101
852,3,1,1,36392007,Rojas,Huaman,Laura,Jirón Los Cipreses 404
853,2,1,1,14268003,Torres,Lopez,Ana,Calle Las Flores 202
854,4,1,1,92062247,Rojas,Chavez,Laura,Jirón Los Cipreses 404
855,1,1,2,58878508,Cárdenas,Rodriguez,Alex,Avenida Los Pinos 1102
856,3,1,1,52517926,Fernandez,Huaman,Sofia,Pasaje Los Eucaliptos 1304
857,4,1,2,26119827,Lopez,Chavez,Carlos,Calle Los Nogales 1001
858,2,1,1,65673289,Rodriguez,Díaz,Maria,Pasaje Los Eucaliptos 1304
859,4,1,2,01514977,Fernandez,Rodriguez,Valeria,Jirón Las Acacias 1607
860,2,1,2,47513731,Chavez,Rodriguez,Christian,Jirón Las Palmeras 1203
861,1,1,2,27938204,Rojas,Garcia,Carlos,Jirón Los Laureles 808
862,4,1,1,42111402,Castillo,Fernandez,Carlos,Calle Los Pinos 123
863,2,1,1,77274006,Lopez,Fernandez,Julio,Avenida Los Olivos 1506
864,4,1,2,79583506,Cárdenas,Mamani,Luis,Calle Los Pinos 123
865,3,1,2,95165903,Huaman,Huaman,Luis,Pasaje Los Jazmines 1708
866,2,1,2,12750519,Quispe,Torres,Carlos,Jirón Los Cipreses 404
867,2,1,2,83500862,Lopez,Castillo,Maria,Calle Las Flores 202
868,3,1,1,85462187,Quispe,Quispe,Alex,Pasaje Los Eucaliptos 1304
869,4,1,1,43088534,Quispe,Chavez,Jorge,Calle Los Pinos 123
870,2,1,2,25751249,Mamani,Huaman,Carlos,Calle Las Flores 202
871,1,1,1,59935742,Castillo,Cárdenas,Christian,Calle Los Cactus 1405
872,2,1,1,88445802,Huaman,Chavez,Pedro,Calle Los Pinos 123
873,2,1,1,13927772,Chavez,Rojas,Leonardo,Avenida Primavera 456
874,3,1,1,36580024,Rojas,Lopez,Valeria,Calle Los Cactus 1405
875,2,1,2,39460103,Rodriguez,Mamani,Laura,Pasaje Las Margaritas 909
876,3,1,2,45328241,Chavez,Huaman,Sofia,Calle Los Pinos 123
877,2,1,1,56021882,Quispe,Rodriguez,Sofia,Avenida Los Sauces 303
878,3,1,1,58567322,Garcia,Díaz,Maria,Jirón Las Palmeras 1203
879,3,1,1,24975493,Torres,Chavez,Maria,Avenida Los Pinos 1102
880,3,1,2,58998026,Lopez,Huaman,Julio,Pasaje Los Eucaliptos 1304
881,3,1,2,65828405,Lopez,Huaman,Christian,Avenida Primavera 456
882,3,1,1,80348283,Mamani,Chavez,Pedro,Avenida Los Cedros 707
883,4,1,2,72527777,Quispe,Chavez,Carlos,Avenida Los Pinos 1102
884,3,1,1,81961503,Mamani,Lopez,Julio,Pasaje Las Orquídeas 505
885,1,1,2,15603717,Rodriguez,Fernandez,Laura,Avenida Los Olivos 1506
886,4,1,1,27170001,Rodriguez,Fernandez,Laura,Jirón Los Cipreses 404
887,4,1,1,65451607,Rodriguez,Rodriguez,Pedro,Avenida Primavera 456
888,3,1,1,39861695,Castillo,Rojas,Laura,Avenida Primavera 456
889,4,1,2,88139561,Castillo,Díaz,Laura,Avenida Los Cedros 707
890,4,1,1,93730350,Fernandez,Cárdenas,Alex,Pasaje Los Eucaliptos 1304
891,3,1,2,68290802,Cárdenas,Rojas,Diego,Avenida Los Olivos 1506
892,4,1,2,24257101,Chavez,Chavez,Diego,Pasaje Los Eucaliptos 1304
893,3,1,1,54912494,Cárdenas,Lopez,Valeria,Pasaje Los Jazmines 1708
894,4,1,1,74578206,Fernandez,Garcia,Julio,Calle Los Nogales 1001
895,3,1,1,79313766,Chavez,Quispe,Jorge,Pasaje Los Jazmines 1708
896,1,1,2,83293100,Huaman,Chavez,Luis,Calle Los Cactus 1405
897,2,1,1,74837689,Rojas,Garcia,Luis,Calle Los Pinos 123
898,1,1,2,94105199,Chavez,Mamani,Laura,Calle Las Flores 202
899,3,1,1,55120253,Rojas,Rojas,Julio,Avenida Los Cedros 707
900,1,1,1,36263766,Torres,Castillo,Diego,Jirón Las Acacias 1607
901,4,1,1,65933997,Huaman,Lopez,Alex,Jirón Las Acacias 1607
902,4,1,2,29133811,Rojas,Díaz,Luis,Calle Los Girasoles 606
903,4,1,2,84399946,Mamani,Quispe,Pedro,Avenida Los Cedros 707
904,3,1,2,89832150,Castillo,Garcia,Alex,Pasaje Los Eucaliptos 1304
905,3,1,1,17861454,Lopez,Fernandez,Luis,Jirón Huascarán 789
906,3,1,2,18155856,Garcia,Garcia,Leonardo,Calle Las Flores 202
907,4,1,2,00820153,Chavez,Fernandez,Sofia,Avenida Los Cedros 707
908,2,1,1,35629265,Quispe,Rodriguez,Julio,Jirón Los Laureles 808
909,4,1,1,10228653,Mamani,Garcia,Carlos,Avenida Primavera 456
910,4,1,2,61003604,Mamani,Quispe,Christian,Avenida Los Pinos 1102
911,1,1,2,77577820,Rojas,Mamani,Maria,Calle Las Flores 202
912,2,1,1,12663705,Rodriguez,Chavez,Carlos,Pasaje Los Alamos 101
913,4,1,2,53328162,Lopez,Quispe,Laura,Pasaje Los Jazmines 1708
914,2,1,2,14347428,Lopez,Castillo,Valeria,Pasaje Los Jazmines 1708
915,3,1,1,80626186,Rojas,Fernandez,Pedro,Avenida Los Olivos 1506
916,4,1,1,38553643,Mamani,Chavez,Jorge,Avenida Primavera 456
917,1,1,2,70779098,Rojas,Quispe,Sofia,Calle Los Cactus 1405
918,3,1,2,67945738,Huaman,Fernandez,Maria,Pasaje Las Orquídeas 505
919,3,1,1,94381301,Rojas,Castillo,Julio,Avenida Primavera 456
920,4,1,2,49897870,Lopez,Lopez,Sofia,Avenida Los Olivos 1506
921,2,1,2,18513486,Huaman,Lopez,Alex,Jirón Las Acacias 1607
922,2,1,1,07417087,Mamani,Torres,Maria,Avenida Primavera 456
923,3,1,1,06633150,Cárdenas,Mamani,Valeria,Pasaje Los Eucaliptos 1304
924,2,1,1,30006146,Lopez,Garcia,Maria,Jirón Las Palmeras 1203
925,1,1,1,89819871,Fernandez,Huaman,Valeria,Jirón Huascarán 789
926,1,1,2,05567236,Quispe,Chavez,Pedro,Jirón Las Palmeras 1203
927,2,1,2,78516272,Mamani,Chavez,Diego,Jirón Huascarán 789
928,1,1,2,97291505,Huaman,Rodriguez,Diego,Calle Los Cactus 1405
929,3,1,1,60078403,Garcia,Mamani,Julio,Jirón Los Laureles 808
930,1,1,2,01167329,Cárdenas,Cárdenas,Diego,Jirón Huascarán 789
931,2,1,1,29860424,Garcia,Huaman,Diego,Jirón Las Acacias 1607
932,3,1,2,40677823,Rojas,Torres,Alex,Calle Los Nogales 1001
933,2,1,1,25121267,Mamani,Garcia,Pedro,Jirón Las Acacias 1607
934,3,1,2,49925395,Quispe,Huaman,Ana,Jirón Las Acacias 1607
935,3,1,1,31511570,Lopez,Fernandez,Sofia,Pasaje Las Orquídeas 505
936,3,1,2,08506976,Castillo,Mamani,Ana,Avenida Los Pinos 1102
937,3,1,2,78993506,Garcia,Mamani,Laura,Calle Las Flores 202
938,4,1,1,25080240,Castillo,Huaman,Alex,Avenida Primavera 456
939,2,1,2,17156401,Garcia,Castillo,Laura,Pasaje Los Alamos 101
940,3,1,1,07293880,Torres,Huaman,Leonardo,Calle Los Girasoles 606
941,2,1,2,50125526,Garcia,Rojas,Laura,Avenida Primavera 456
942,1,1,1,81303429,Rojas,Díaz,Sofia,Calle Las Flores 202
943,3,1,2,15917447,Díaz,Díaz,Sofia,Jirón Los Laureles 808
944,2,1,1,81047509,Garcia,Rodriguez,Leonardo,Jirón Las Acacias 1607
945,2,1,2,70155319,Torres,Cárdenas,Valeria,Avenida Los Pinos 1102
946,1,1,1,23306785,Castillo,Lopez,Ana,Avenida Los Pinos 1102
947,3,1,2,71880921,Díaz,Rojas,Carlos,Pasaje Los Alamos 101
948,2,1,2,87755805,Huaman,Torres,Carlos,Pasaje Los Eucaliptos 1304
949,2,1,2,54116156,Fernandez,Huaman,Sofia,Jirón Los Cipreses 404
950,3,1,1,05096855,Díaz,Mamani,Alex,Jirón Las Palmeras 1203
951,3,1,1,63041835,Fernandez,Cárdenas,Leonardo,Avenida Los Olivos 1506
952,4,1,2,70554405,Castillo,Castillo,Jorge,Calle Los Girasoles 606
953,3,1,2,79998817,Castillo,Torres,Julio,Calle Los Pinos 123
954,1,1,1,11326474,Garcia,Quispe,Laura,Jirón Los Laureles 808
955,1,1,2,76250564,Castillo,Castillo,Julio,Calle Los Pinos 123
956,2,1,2,84369090,Cárdenas,Chavez,Laura,Pasaje Las Orquídeas 505
957,1,1,2,73136399,Castillo,Rojas,Alex,Pasaje Las Margaritas 909
958,3,1,1,67490659,Huaman,Garcia,Julio,Avenida Los Sauces 303
959,3,1,1,80153857,Torres,Quispe,Pedro,Calle Los Nogales 1001
960,3,1,2,04695753,Lopez,Cárdenas,Julio,Jirón Las Palmeras 1203
961,3,1,1,63080723,Chavez,Quispe,Laura,Pasaje Las Margaritas 909
962,2,1,1,13892709,Chavez,Lopez,Diego,Pasaje Las Margaritas 909
963,1,1,1,06829732,Cárdenas,Quispe,Leonardo,Avenida Los Olivos 1506
964,4,1,2,53676859,Lopez,Chavez,Jorge,Calle Los Nogales 1001
965,3,1,2,60323232,Rojas,Huaman,Julio,Jirón Los Laureles 808
966,4,1,1,63011629,Rodriguez,Torres,Alex,Jirón Las Palmeras 1203
967,4,1,1,92659655,Torres,Rodriguez,Alex,Avenida Los Cedros 707
968,4,1,2,43098177,Garcia,Rodriguez,Luis,Calle Los Cactus 1405
969,2,1,1,63309422,Garcia,Garcia,Maria,Pasaje Los Eucaliptos 1304
970,4,1,2,10013876,Quispe,Chavez,Leonardo,Pasaje Los Alamos 101
971,2,1,2,97995388,Huaman,Cárdenas,Laura,Calle Los Nogales 1001
972,4,1,1,87040353,Fernandez,Rojas,Valeria,Jirón Las Palmeras 1203
973,3,1,1,96060829,Fernandez,Díaz,Julio,Calle Los Girasoles 606
974,2,1,2,46660840,Rodriguez,Rodriguez,Carlos,Avenida Los Olivos 1506
975,1,1,2,60763911,Rodriguez,Castillo,Diego,Calle Los Pinos 123
976,1,1,1,79646133,Torres,Mamani,Ana,Avenida Los Cedros 707
977,3,1,2,74963681,Fernandez,Huaman,Ana,Jirón Huascarán 789
978,2,1,1,76623955,Cárdenas,Díaz,Laura,Jirón Los Laureles 808
979,4,1,1,45105158,Torres,Mamani,Leonardo,Jirón Los Cipreses 404
980,3,1,1,06946783,Rodriguez,Díaz,Pedro,Calle Los Nogales 1001
981,1,1,2,59650354,Cárdenas,Fernandez,Alex,Calle Las Flores 202
982,1,1,1,02586945,Mamani,Cárdenas,Ana,Avenida Los Sauces 303
983,4,1,1,41144459,Cárdenas,Díaz,Diego,Pasaje Las Margaritas 909
984,2,1,1,37519268,Rojas,Fernandez,Luis,Avenida Los Cedros 707
985,2,1,2,77107923,Mamani,Fernandez,Laura,Pasaje Los Eucaliptos 1304
986,3,1,1,91150465,Garcia,Díaz,Valeria,Jirón Los Cipreses 404
987,3,1,1,63609072,Lopez,Díaz,Julio,Pasaje Los Eucaliptos 1304
988,1,1,1,45400501,Torres,Mamani,Carlos,Calle Los Nogales 1001
989,4,1,2,32474367,Chavez,Huaman,Leonardo,Jirón Los Laureles 808
990,3,1,2,39448034,Huaman,Garcia,Sofia,Jirón Las Palmeras 1203
991,2,1,2,20358089,Quispe,Fernandez,Valeria,Pasaje Los Eucaliptos 1304
992,4,1,2,77915519,Mamani,Rodriguez,Carlos,Avenida Los Sauces 303
993,3,1,2,80480499,Rojas,Rodriguez,Sofia,Pasaje Los Jazmines 1708
994,3,1,1,89841291,Cárdenas,Torres,Carlos,Avenida Los Pinos 1102
995,4,1,2,60637592,Quispe,Rojas,Alex,Calle Los Pinos 123
996,3,1,1,51052601,Chavez,Chavez,Laura,Calle Las Flores 202
997,4,1,1,32076895,Fernandez,Chavez,Maria,Avenida Los Pinos 1102
998,4,1,2,04992854,Torres,Mamani,Sofia,Avenida Los Pinos 1102
999,2,1,2,78887495,Lopez,Díaz,Leonardo,Jirón Las Acacias 1607
1000,4,1,1,67083740,Chavez,Chavez,Luis,Calle Los Pinos 123
